OID_,STATEFP,PLACEFP,PLACENS,GEOID,NAME,NAMELSAD,LSAD,CLASSFP,PCICBSA,PCINECTA,MTFCC,FUNCSTAT,ALAND,AWATER,INTPTLAT,INTPTLON,join,GEO_ID,NAME_1,H1_001N,sqmile,Shape_Length,Shape_Area,housing_density
1,17,35411,2398519,1735411,Hoffman Estates,Hoffman Estates village,47,C1,Y,N,G4110,A,54558610,466419,42.0652173,-88.1529963,1735411,1735411,"Hoffman Estates village, Illinois",19160,21.2442646,357593.4559,592256095.4,902
2,17,82049,2399701,1782049,Willow Springs,Willow Springs village,47,C1,N,N,G4110,A,10761873,269951,41.7341373,-87.8840097,1782049,1782049,"Willow Springs village, Illinois",2545,4.2593255,125764.2513,118743180.8,598
3,17,42028,2398395,1742028,Lansing,Lansing village,47,C1,N,N,G4110,A,19327056,148891,41.5650043,-87.5460037,1742028,1742028,"Lansing village, Illinois",12053,7.5200958,152236.6339,209648245,1603
4,17,48554,2399321,1748554,Merrionette Park,Merrionette Park village,47,C1,N,N,G4110,A,971530,0,41.6811167,-87.7012118,1748554,1748554,"Merrionette Park village, Illinois",992,0.3751152,15979.17664,10457611.55,2645
5,17,53000,2399498,1753000,Niles,Niles village,47,C1,N,N,G4110,A,15146477,0,42.0278623,-87.8099725,1753000,1753000,"Niles village, Illinois",12590,5.8480434,138538.8674,163034094.6,2153
6,17,53481,2399526,1753481,Northbrook,Northbrook village,47,C1,N,N,G4110,A,34290367,169102,42.1287453,-87.8351622,1753481,1753481,"Northbrook village, Illinois",14209,13.3047085,195497.3026,370913987.7,1068
7,17,54144,2399521,1754144,North Riverside,North Riverside village,47,C1,N,N,G4110,A,4256894,0,41.8461419,-87.8262826,1754144,1754144,"North Riverside village, Illinois",3012,1.6435797,44682.03186,45820371.61,1833
8,17,54638,2395281,1754638,Oak Forest,Oak Forest city,25,C1,N,N,G4110,A,15595323,123156,41.6066802,-87.7532989,1754638,1754638,"Oak Forest city, Illinois",10750,6.068965,153355.575,169193035.1,1771
9,17,57225,2399608,1757225,Palatine,Palatine village,47,C1,N,N,G4110,A,35218832,420549,42.1181417,-88.0428531,1757225,1757225,"Palatine village, Illinois",29058,13.7599001,167208.7212,383603995,2112
10,17,23724,2398817,1723724,Elmwood Park,Elmwood Park village,47,C1,N,N,G4110,A,4942717,0,41.9224582,-87.8163209,1723724,1723724,"Elmwood Park village, Illinois",10068,1.9083755,31991.53048,53202454.36,5276
11,17,24582,2394709,1724582,Evanston,Evanston city,25,C5,Y,N,G4110,A,20148775,57390,42.0463909,-87.6943525,1724582,1724582,"Evanston city, Illinois",34462,7.8017578,76064.10461,217500525,4417
12,17,24634,2398846,1724634,Evergreen Park,Evergreen Park village,47,C1,N,N,G4110,A,8191089,0,41.7212749,-87.7013342,1724634,1724634,"Evergreen Park village, Illinois",7585,3.1626339,42925.21423,88169172.4,2398
13,17,26571,2398889,1726571,Flossmoor,Flossmoor village,47,C1,N,N,G4110,A,9482658,0,41.5391192,-87.685686,1726571,1726571,"Flossmoor village, Illinois",3702,3.6613369,88212.61207,102072216.3,1011
14,17,26710,2398892,1726710,Ford Heights,Ford Heights village,47,C1,N,N,G4110,A,5041020,0,41.510898,-87.5814316,1726710,1726710,"Ford Heights village, Illinois",692,1.9464325,52495.04166,54263421.58,356
15,17,26935,2398896,1726935,Forest Park,Forest Park village,47,C1,N,N,G4110,A,6220335,0,41.8683695,-87.815663,1726935,1726935,"Forest Park village, Illinois",8169,2.401664,49398.87317,66954552.65,3401
16,17,26987,2398897,1726987,Forest View,Forest View village,47,C1,N,N,G4110,A,3026049,330154,41.8090968,-87.7730786,1726987,1726987,"Forest View village, Illinois",288,1.2958343,53322.78719,36125788.46,222
17,17,27702,2398919,1727702,Franklin Park,Franklin Park village,47,C1,N,N,G4110,A,12360418,0,41.9359934,-87.8791921,1727702,1727702,"Franklin Park village, Illinois",6604,4.7722912,126798.4415,133043847.7,1384
18,17,29652,2398973,1729652,Glencoe,Glencoe village,47,C1,N,N,G4110,A,9629200,158099,42.1344886,-87.7631783,1729652,1729652,"Glencoe village, Illinois",3176,3.7788951,56302.0996,105349552.8,840
19,17,30029,2398979,1730029,Glenwood,Glenwood village,47,C1,N,N,G4110,A,8454308,0,41.5410171,-87.6117588,1730029,1730029,"Glenwood village, Illinois",3480,3.2643411,106853.2669,91004605.55,1066
20,17,33383,2394317,1733383,Harvey,Harvey city,25,C1,N,N,G4110,A,16073930,0,41.6075825,-87.6519895,1733383,1733383,"Harvey city, Illinois",8531,6.2063336,89164.25623,173022653.7,1375
21,17,33435,2398264,1733435,Harwood Heights,Harwood Heights village,47,C1,N,N,G4110,A,2136262,0,41.9663183,-87.8055904,1733435,1733435,"Harwood Heights village, Illinois",3790,0.8248097,44445.95841,22994374.19,4595
22,17,33695,2398479,1733695,Hazel Crest,Hazel Crest village,47,C1,N,N,G4110,A,8799445,54790,41.5741645,-87.6892945,1733695,1733695,"Hazel Crest village, Illinois",5307,3.4186916,80868.64761,95307652.85,1552
23,17,34514,2394371,1734514,Hickory Hills,Hickory Hills city,25,C1,N,N,G4110,A,7367132,0,41.724778,-87.828005,1734514,1734514,"Hickory Hills city, Illinois",5543,2.844434,52732.69243,79298271.59,1949
24,17,35086,2398510,1735086,Hillside,Hillside village,47,C1,N,N,G4110,A,8204242,0,41.8675244,-87.9018393,1735086,1735086,"Hillside village, Illinois",3151,3.1676047,59423.60134,88307751.57,995
25,17,35385,2398517,1735385,Hodgkins,Hodgkins village,47,C1,N,N,G4110,A,7024567,139993,41.7660665,-87.8619439,1735385,1735385,"Hodgkins village, Illinois",642,2.7662053,62346.53965,77117376.42,232
26,17,35866,2394413,1735866,Hometown,Hometown city,25,C1,N,N,G4110,A,1240338,0,41.7312484,-87.7311338,1735866,1735866,"Hometown city, Illinois",1945,0.4789005,15840.58237,13350979.37,4061
27,17,35879,2398537,1735879,Homewood,Homewood village,47,C1,N,N,G4110,A,13509051,122555,41.5594219,-87.6620247,1735879,1735879,"Homewood village, Illinois",8003,5.2633176,75945.91757,146732878.2,1521
28,17,17523,2398650,1717523,Crete,Crete village,47,C1,N,N,G4110,A,24368651,44678,41.440524,-87.6244715,1717523,1717523,"Crete village, Illinois",3384,9.4263468,237143.0481,262791460,359
29,17,27624,2398915,1727624,Frankfort,Frankfort village,47,C1,N,N,G4110,A,40891575,0,41.5070248,-87.8709663,1727624,1727624,"Frankfort village, Illinois",6902,15.788147,421677.9935,440148274.1,437
30,17,42795,2398417,1742795,Lemont,Lemont village,47,C1,N,N,G4110,A,21550443,971379,41.6673276,-87.9844107,1742795,1742795,"Lemont village, Illinois",6773,8.6954355,385299.5747,242414832,779
31,17,75484,2399987,1775484,Tinley Park,Tinley Park village,47,C1,N,N,G4110,A,41689270,30829,41.5685794,-87.8042169,1775484,1775484,"Tinley Park village, Illinois",22751,16.1081161,245618.8128,449068486.2,1412
32,17,76935,2400029,1776935,University Park,University Park village,47,C1,N,N,G4110,A,27782191,5723,41.4468945,-87.712969,1776935,1776935,"University Park village, Illinois",2756,10.7290993,187000.3271,299110116.7,257
33,17,83245,2399735,1783245,Woodridge,Woodridge village,47,C1,N,N,G4110,A,24981344,414421,41.7373922,-88.0441298,1783245,1783245,"Woodridge village, Illinois",14068,9.8049765,280439.8663,273347043.4,1435
34,17,35835,2398535,1735835,Homer Glen,Homer Glen village,47,C1,N,N,G4110,A,57304287,102627,41.605179,-87.9523726,1735835,1735835,"Homer Glen village, Illinois",8716,22.1642933,252822.2492,617905026.8,393
35,17,56627,2399585,1756627,Orland Hills,Orland Hills village,47,C1,N,N,G4110,A,2964766,19721,41.5906544,-87.842141,1756627,1756627,"Orland Hills village, Illinois",2477,1.1523036,39183.20189,32124379.49,2150
36,17,62016,2396288,1762016,Prospect Heights,Prospect Heights city,25,C1,N,N,G4110,A,11024277,78992,42.1031853,-87.9248383,1762016,1762016,"Prospect Heights city, Illinois",6657,4.2868834,117309.0245,119511455,1553
37,17,2154,2397986,1702154,Arlington Heights,Arlington Heights village,47,C1,N,N,G4110,A,43007561,79089,42.0973621,-87.9816706,1702154,1702154,"Arlington Heights village, Illinois",33356,16.635294,205609.3656,463765367.2,2005
38,17,3883,2398038,1703883,Barrington Hills,Barrington Hills village,47,C1,N,N,G4110,A,69941306,1597843,42.1386415,-88.2029588,1703883,1703883,"Barrington Hills village, Illinois",1651,27.6200123,290003.6444,770001759.4,60
39,17,4013,2398041,1704013,Bartlett,Bartlett village,47,C1,N,N,G4110,A,40729614,502693,41.9606372,-88.1777472,1704013,1704013,"Bartlett village, Illinois",14522,15.9190702,363143.1987,443798220.8,912
40,17,5248,2398095,1705248,Bensenville,Bensenville village,47,C1,N,N,G4110,A,14323488,131485,41.9580113,-87.9438254,1705248,1705248,"Bensenville village, Illinois",6864,5.5809336,105641.2248,155587503.3,1230
41,17,10513,2397534,1710513,Calumet Park,Calumet Park village,47,C1,N,N,G4110,A,2893479,92477,41.6657352,-87.6576504,1710513,1710513,"Calumet Park village, Illinois",3074,1.1529095,36879.39906,32141271.14,2666
42,17,14026,2393512,1714026,Chicago Heights,Chicago Heights city,25,C1,N,N,G4110,A,26631724,33941,41.5106847,-87.6346721,1714026,1714026,"Chicago Heights city, Illinois",10663,10.2959738,166106.0963,287035264.2,1036
43,17,65338,2396420,1765338,Rolling Meadows,Rolling Meadows city,25,C1,N,N,G4110,A,14544924,16606,42.0749095,-88.0253634,1765338,1765338,"Rolling Meadows city, Illinois",9780,5.6220222,116108.9751,156732981.8,1740
44,17,68003,2399769,1768003,Schaumburg,Schaumburg village,47,C1,Y,N,G4110,A,49969409,288499,42.0288995,-88.0837735,1768003,1768003,"Schaumburg village, Illinois",33459,19.4038467,251204.2058,540948215.9,1724
45,17,72676,2399900,1772676,Stickney,Stickney village,47,C1,N,N,G4110,A,4983928,94151,41.8170254,-87.7737005,1772676,1772676,"Stickney village, Illinois",2523,1.9606577,44957.74311,54660001.2,1287
46,17,72923,2399908,1772923,Stone Park,Stone Park village,47,C1,N,N,G4110,A,889897,0,41.9032359,-87.8807011,1772923,1772923,"Stone Park village, Illinois",1382,0.3435845,16290.55924,9578585.344,4022
47,17,73157,2399920,1773157,Streamwood,Streamwood village,47,C1,N,N,G4110,A,20197373,86802,42.0205861,-88.1777706,1773157,1773157,"Streamwood village, Illinois",13797,7.8313727,124641.2138,218326135.6,1762
48,17,18992,2398705,1718992,Deerfield,Deerfield village,47,C1,N,N,G4110,A,14317853,56946,42.1660688,-87.8524665,1718992,1718992,"Deerfield village, Illinois",7436,5.5500584,85748.52523,154726747.1,1340
49,17,19083,2398704,1719083,Deer Park,Deer Park village,47,C1,N,N,G4110,A,9464661,260406,42.1662835,-88.0861798,1719083,1719083,"Deer Park village, Illinois",1451,3.7547045,118336.4701,104675152.2,386
50,17,19642,2394524,1719642,Des Plaines,Des Plaines city,25,C1,Y,N,G4110,A,36876383,378798,42.034398,-87.9011363,1719642,1719642,"Des Plaines city, Illinois",25094,14.3839865,177564.9884,401002520.3,1745
51,17,21696,2398774,1721696,East Dundee,East Dundee village,47,C1,N,N,G4110,A,7352852,625397,42.097437,-88.2480785,1721696,1721696,"East Dundee village, Illinois",1502,3.0802555,100590.5791,85872595.35,488
52,17,23256,2398803,1723256,Elk Grove Village,Elk Grove Village village,47,C1,N,N,G4110,A,30145517,148517,42.0049703,-87.9919832,1723256,1723256,"Elk Grove Village village, Illinois",13945,11.6961946,186186.4339,326071205.3,1192
53,17,29938,2398977,1729938,Glenview,Glenview village,47,C1,N,N,G4110,A,36262907,109657,42.0851622,-87.827388,1729938,1729938,"Glenview village, Illinois",18933,14.0433836,235910.7745,391507059.8,1348
54,17,30328,2398174,1730328,Golf,Golf village,47,C1,N,N,G4110,A,1161331,0,42.0585491,-87.7849406,1730328,1730328,"Golf village, Illinois",168,0.4483915,17509.41311,12500436.45,375
55,17,32746,2398244,1732746,Hanover Park,Hanover Park village,47,C1,N,N,G4110,A,16632988,266698,41.9824853,-88.1428698,1732746,1732746,"Hanover Park village, Illinois",11732,6.5246906,125105.6689,181897933.3,1798
56,17,35307,2398514,1735307,Hinsdale,Hinsdale village,47,C1,N,N,G4110,A,11973851,99296,41.8006825,-87.9281725,1735307,1735307,"Hinsdale village, Illinois",6124,4.6613441,84389.23391,129950817.5,1314
57,17,80242,2400150,1780242,Western Springs,Western Springs village,47,C1,N,N,G4110,A,7211828,0,41.8022777,-87.9005559,1780242,1780242,"Western Springs village, Illinois",4726,2.7844453,45247.78137,77625881.32,1697
58,17,82075,2399704,1782075,Wilmette,Wilmette village,47,C1,N,N,G4110,A,13993097,23599,42.0773232,-87.7286214,1782075,1782075,"Wilmette village, Illinois",10525,5.4119215,77800.42245,150875710.8,1945
59,17,82530,2399718,1782530,Winnetka,Winnetka village,47,C1,N,N,G4110,A,9871431,207366,42.1062103,-87.7427639,1782530,1782530,"Winnetka village, Illinois",4459,3.8914635,61453.64675,108487774.9,1146
60,17,83518,2399742,1783518,Worth,Worth village,47,C1,N,N,G4110,A,6134934,33039,41.6882112,-87.7925772,1783518,1783518,"Worth village, Illinois",4611,2.3814592,40491.5764,66391270.37,1936
61,17,81087,2400161,1781087,Wheeling,Wheeling village,47,C1,N,N,G4110,A,22460743,150683,42.1296141,-87.9215028,1781087,1781087,"Wheeling village, Illinois",16190,8.730094,111379.7179,243381059.2,1855
62,17,47540,2399275,1747540,Matteson,Matteson village,47,C1,N,N,G4110,A,24048150,88795,41.5088709,-87.7460436,1747540,1747540,"Matteson village, Illinois",7457,9.3193712,162536.4264,259809148.8,800
63,17,56640,2399586,1756640,Orland Park,Orland Park village,47,C1,N,N,G4110,A,57052920,739368,41.6081453,-87.8592903,1756640,1756640,"Orland Park village, Illinois",23746,22.3133717,413199.3954,622061117.1,1064
64,17,57732,2399622,1757732,Park Forest,Park Forest village,47,C1,N,N,G4110,A,12849742,0,41.4817472,-87.6868008,1757732,1757732,"Park Forest village, Illinois",9701,4.9613976,106157.9567,138315832.6,1955
65,17,37257,2398571,1737257,Indian Head Park,Indian Head Park village,47,C1,N,N,G4110,A,2409354,20705,41.7684326,-87.8974051,1737257,1737257,"Indian Head Park village, Illinois",1940,0.9382274,36429.83079,26156279.39,2068
66,17,21904,2398777,1721904,East Hazel Crest,East Hazel Crest village,47,C1,N,N,G4110,A,2031301,0,41.5757986,-87.6502727,1721904,1721904,"East Hazel Crest village, Illinois",630,0.7843106,25397.58758,21865325.52,803
67,17,37608,2398578,1737608,Inverness,Inverness village,47,C1,N,N,G4110,A,16923974,402555,42.1151357,-88.1008936,1737608,1737608,"Inverness village, Illinois",2883,6.6895103,101199.2298,186492848.4,431
68,17,38830,2398319,1738830,Justice,Justice village,47,C1,N,N,G4110,A,7354853,116067,41.7534009,-87.8269406,1738830,1738830,"Justice village, Illinois",5160,2.8845038,51637.88533,80415353.46,1789
69,17,39519,2398337,1739519,Kenilworth,Kenilworth village,47,C1,N,N,G4110,A,1573272,0,42.0888177,-87.7144974,1739519,1739519,"Kenilworth village, Illinois",852,0.6074514,20521.69848,16934774.06,1403
70,17,40767,2398365,1740767,La Grange,La Grange village,47,C1,N,N,G4110,A,6539261,0,41.8072134,-87.8741481,1740767,1740767,"La Grange village, Illinois",6415,2.5247755,47535.35977,70386699.71,2541
71,17,40793,2398366,1740793,La Grange Park,La Grange Park village,47,C1,N,N,G4110,A,5782154,0,41.830778,-87.8722737,1740793,1740793,"La Grange Park village, Illinois",5398,2.2324629,42963.95165,62237495.78,2418
72,17,43744,2398443,1743744,Lincolnwood,Lincolnwood village,47,C1,N,N,G4110,A,6971337,0,42.0054299,-87.7329594,1743744,1743744,"Lincolnwood village, Illinois",4655,2.6916661,40812.00122,75039342.34,1729
73,17,67769,2399188,1767769,Sauk Village,Sauk Village village,47,C1,N,N,G4110,A,10339115,10136,41.4900935,-87.5706244,1767769,1767769,"Sauk Village village, Illinois",3740,3.9960506,126232.1434,111403498.2,936
74,17,72520,2399892,1772520,Steger,Steger village,47,C1,N,N,G4110,A,8816277,0,41.4723125,-87.6176971,1772520,1772520,"Steger village, Illinois",4293,3.4040966,73668.05003,94900766.73,1261
75,17,1010,2397946,1701010,Alsip,Alsip village,47,C1,N,N,G4110,A,16900200,259691,41.6702696,-87.7370851,1701010,1701010,"Alsip village, Illinois",8016,6.6255188,90801.53357,184708865.2,1210
76,17,4572,2398064,1704572,Bedford Park,Bedford Park village,47,C1,N,N,G4110,A,15369421,273533,41.7677733,-87.7725558,1704572,1704572,"Bedford Park village, Illinois",213,6.0397539,96082.48798,168378673.6,35
77,17,4975,2398084,1704975,Bellwood,Bellwood village,47,C1,N,N,G4110,A,6211147,0,41.882901,-87.8761699,1704975,1704975,"Bellwood village, Illinois",6757,2.3980932,39097.22106,66855001.5,2818
78,17,57407,2399616,1757407,Palos Park,Palos Park village,47,C1,N,N,G4110,A,16693431,313197,41.6661629,-87.8296016,1757407,1757407,"Palos Park village, Illinois",2023,6.5661669,228119.6143,183054222.1,308
79,17,57875,2396148,1757875,Park Ridge,Park Ridge city,25,C1,N,N,G4110,A,18356570,121232,42.0117617,-87.8434336,1757875,1757875,"Park Ridge city, Illinois",15366,7.1342239,80180.59525,198890750,2154
80,17,59572,2399667,1759572,Phoenix,Phoenix village,47,C1,N,N,G4110,A,1200803,0,41.6117814,-87.630852,1759572,1759572,"Phoenix village, Illinois",825,0.4636481,17308.68988,12925766.51,1779
81,17,61314,2399009,1761314,Posen,Posen village,47,C1,N,N,G4110,A,3027767,0,41.6290669,-87.6858424,1761314,1761314,"Posen village, Illinois",1920,1.1690472,28363.03894,32591164.85,1642
82,17,63706,2399068,1763706,Richton Park,Richton Park village,47,C1,N,N,G4110,A,11374920,31490,41.4801833,-87.742531,1763706,1763706,"Richton Park village, Illinois",5487,4.404068,122668.9055,122778366,1246
83,17,64278,2399086,1764278,Riverdale,Riverdale village,47,C1,N,N,G4110,A,9259988,452975,41.6426953,-87.6356402,1764278,1764278,"Riverdale village, Illinois",5087,3.7503054,53151.67549,104552515.3,1356
84,17,5404,2398101,1705404,Berkeley,Berkeley village,47,C1,N,N,G4110,A,3629888,0,41.8891162,-87.9114712,1705404,1705404,"Berkeley village, Illinois",1933,1.4014724,33942.70704,39070808.75,1379
85,17,5573,2394154,1705573,Berwyn,Berwyn city,25,C1,N,N,G4110,A,10112500,0,41.8433327,-87.7909258,1705573,1705573,"Berwyn city, Illinois",21037,3.9044352,45591.51715,108849405.8,5388
86,17,6704,2394203,1706704,Blue Island,Blue Island city,25,C1,N,N,G4110,A,10544392,223343,41.6575701,-87.6811256,1706704,1706704,"Blue Island city, Illinois",9137,4.1575217,75509.64847,115905057.6,2198
87,17,8225,2397453,1708225,Bridgeview,Bridgeview village,47,C1,N,N,G4110,A,10703235,0,41.7402806,-87.8066441,1708225,1708225,"Bridgeview village, Illinois",6156,4.1325135,82820.52499,115207865.9,1490
88,17,8446,2397460,1708446,Broadview,Broadview village,47,C1,N,N,G4110,A,4601714,0,41.8583672,-87.8561917,1708446,1708446,"Broadview village, Illinois",3353,1.7767068,34952.35705,49531741.73,1887
89,17,8576,2397465,1708576,Brookfield,Brookfield village,47,C1,N,N,G4110,A,7934878,17368,41.8250594,-87.8475457,1708576,1708576,"Brookfield village, Illinois",7785,3.0703366,42861.1325,85596074.44,2536
90,17,45421,2399210,1745421,Lynwood,Lynwood village,47,C1,N,N,G4110,A,12855534,198502,41.5225652,-87.5504913,1745421,1745421,"Lynwood village, Illinois",3624,5.0404496,130229.0135,140519669.8,719
91,17,45434,2399212,1745434,Lyons,Lyons village,47,C1,N,N,G4110,A,5717258,174409,41.8121844,-87.8185893,1745434,1745434,"Lyons village, Illinois",4415,2.2747645,46062.34536,63416793.7,1941
92,17,45564,2399289,1745564,McCook,McCook village,47,C1,N,N,G4110,A,6770441,54864,41.7982646,-87.8415915,1745564,1745564,"McCook village, Illinois",113,2.6352313,46432.77705,73466032.74,43
93,17,47007,2395013,1747007,Markham,Markham city,25,C1,N,N,G4110,A,13998596,0,41.600036,-87.6904549,1747007,1747007,"Markham city, Illinois",4283,5.4049797,76483.68629,150682187.4,792
94,17,47774,2399280,1747774,Maywood,Maywood village,47,C1,N,N,G4110,A,7038039,0,41.8797767,-87.8441837,1747774,1747774,"Maywood village, Illinois",8444,2.7173643,50556.61388,75755767.41,3107
95,17,9447,2397490,1709447,Buffalo Grove,Buffalo Grove village,47,C1,N,N,G4110,A,24768470,43278,42.1659808,-87.9618258,1709447,1709447,"Buffalo Grove village, Illinois",17032,9.5795736,256210.1499,267063172.5,1778
96,17,64304,2399084,1764304,River Forest,River Forest village,47,C1,N,N,G4110,A,6422504,4794,41.894875,-87.8190635,1764304,1764304,"River Forest village, Illinois",4266,2.4815707,35632.64698,69182223.23,1719
97,17,64343,2399085,1764343,River Grove,River Grove village,47,C1,N,N,G4110,A,6192765,0,41.9242769,-87.8379336,1764343,1764343,"River Grove village, Illinois",4482,2.3910072,34813.37865,66657451.91,1875
98,17,64421,2399090,1764421,Riverside,Riverside village,47,C1,N,N,G4110,A,5123776,45387,41.8309556,-87.8158544,1764421,1764421,"Riverside village, Illinois",3720,1.995808,36454.05432,55639934.93,1864
99,17,64616,2399096,1764616,Robbins,Robbins village,47,C1,N,N,G4110,A,3752688,0,41.6431246,-87.7081031,1764616,1764616,"Robbins village, Illinois",1887,1.4489421,45946.70583,40394187.2,1302
100,17,65819,2399123,1765819,Rosemont,Rosemont village,47,C1,N,N,G4110,A,4642536,0,41.9889776,-87.8717394,1765819,1765819,"Rosemont village, Illinois",1810,1.7924591,47490.82319,49970892.49,1010
101,17,68081,2399770,1768081,Schiller Park,Schiller Park village,47,C1,N,N,G4110,A,7173315,0,41.9586263,-87.8693167,1768081,1768081,"Schiller Park village, Illinois",4709,2.7695832,48614.07958,77211548.07,1700
102,17,70122,2399827,1770122,Skokie,Skokie village,47,C1,Y,N,G4110,A,26065816,0,42.0359704,-87.7399938,1770122,1770122,"Skokie village, Illinois",25256,10.064126,97100.37581,280571727.3,2510
103,17,23074,2394641,1723074,Elgin,Elgin city,25,C1,Y,N,G4110,A,98488542,1485141,42.0389632,-88.3256714,1723074,1723074,"Elgin city, Illinois",40530,38.5979919,775353.7665,1076050240,1050
104,17,3844,2398037,1703844,Barrington,Barrington village,47,C1,N,N,G4110,A,11934352,481136,42.1515345,-88.1285344,1703844,1703844,"Barrington village, Illinois",4394,4.7934208,116196.7955,133632896.2,917
105,17,14000,428803,1714000,Chicago,Chicago city,25,C5,Y,N,G4110,A,589818463,17621529,41.8370453,-87.6849386,1714000,1714000,"Chicago city, Illinois",1262612,234.5382538,782261.7605,6538551324,5383
106,17,23620,2394673,1723620,Elmhurst,Elmhurst city,25,C1,N,N,G4110,A,26465542,154716,41.8970138,-87.9436567,1723620,1723620,"Elmhurst city, Illinois",17260,10.2778482,111563.4169,286529966.6,1679
107,17,51089,2399416,1751089,Mount Prospect,Mount Prospect village,47,C1,N,N,G4110,A,27762204,99694,42.0642021,-87.9373643,1751089,1751089,"Mount Prospect village, Illinois",22835,10.7572441,123947.6901,299894760.4,2123
108,17,54820,2399538,1754820,Oak Lawn,Oak Lawn village,47,C1,N,N,G4110,A,22198232,0,41.7138855,-87.7527768,1754820,1754820,"Oak Lawn village, Illinois",23362,8.5708084,93464.14606,238940432.4,2726
109,17,54534,2399533,1754534,Oak Brook,Oak Brook village,47,C1,N,N,G4110,A,20614013,834074,41.8363949,-87.9531732,1754534,1754534,"Oak Brook village, Illinois",3308,8.2809086,105417.311,230858492.5,399
110,17,9642,2393465,1709642,Burbank,Burbank city,25,C1,N,N,G4110,A,10799706,0,41.7444204,-87.7685047,1709642,1709642,"Burbank city, Illinois",9784,4.1697927,58485.79699,116247154,2346
111,17,9798,2397502,1709798,Burnham,Burnham village,47,C1,N,N,G4110,A,4804119,220107,41.6394802,-87.5449604,1709798,1709798,"Burnham village, Illinois",1589,1.9399645,33559.29515,54083106.69,819
112,17,10487,2393502,1710487,Calumet City,Calumet City city,25,C1,N,N,G4110,A,18599454,322264,41.5964934,-87.5385723,1710487,1710487,"Calumet City city, Illinois",16196,7.3060856,116942.8868,203681978.8,2217
113,17,14065,2397620,1714065,Chicago Ridge,Chicago Ridge village,47,C1,N,N,G4110,A,5873964,0,41.7034146,-87.7794673,1714065,1714065,"Chicago Ridge village, Illinois",5989,2.267946,51997.27441,63226702.93,2641
114,17,14351,2396647,1714351,Cicero,Cicero town,43,C1,N,N,G4110,A,15190398,0,41.8445373,-87.7592899,1714351,1714351,"Cicero town, Illinois",25836,5.8650656,58600.35887,163508641,4405
115,17,48242,2399308,1748242,Melrose Park,Melrose Park village,47,C1,N,N,G4110,A,11274888,0,41.9029947,-87.8636478,1748242,1748242,"Melrose Park village, Illinois",8756,4.3531814,76671.53098,121359729.5,2011
116,17,48892,2399337,1748892,Midlothian,Midlothian village,47,C1,N,N,G4110,A,7301803,0,41.6254282,-87.7242328,1748892,1748892,"Midlothian village, Illinois",5522,2.8192704,59328.64918,78596749.58,1959
117,17,50647,2399403,1750647,Morton Grove,Morton Grove village,47,C1,N,N,G4110,A,13178266,0,42.042321,-87.7890121,1750647,1750647,"Morton Grove village, Illinois",9278,5.0881386,63451.0269,141849166.9,1823
118,17,53377,2399504,1753377,Norridge,Norridge village,47,C1,N,N,G4110,A,4681969,0,41.9637256,-87.8231921,1753377,1753377,"Norridge village, Illinois",5956,1.8076962,50770.20278,50395678.13,3295
119,17,53663,2399527,1753663,Northfield,Northfield village,47,C1,N,N,G4110,A,8365828,276,42.1029681,-87.777376,1753663,1753663,"Northfield village, Illinois",2420,3.2301648,61169.09217,90051822.17,749
120,17,70564,2399841,1770564,South Barrington,South Barrington village,47,C1,N,N,G4110,A,19236964,732982,42.0889919,-88.1571843,1770564,1770564,"South Barrington village, Illinois",1722,7.710063,109762.7539,214944214.4,223
121,17,70629,2399845,1770629,South Chicago Heights,South Chicago Heights village,47,C1,N,N,G4110,A,4093973,42091,41.4834057,-87.6372011,1770629,1770629,"South Chicago Heights village, Illinois",1644,1.5969889,43514.42837,44521494.58,1029
122,17,70850,2399849,1770850,South Holland,South Holland village,47,C1,N,N,G4110,A,18740904,40377,41.5983715,-87.6027365,1770850,1770850,"South Holland village, Illinois",7863,7.2517629,112988.6244,202167549.8,1084
123,17,73638,2399930,1773638,Summit,Summit village,47,C1,N,N,G4110,A,5487597,357949,41.7884523,-87.8139211,1773638,1773638,"Summit village, Illinois",3789,2.2569606,40377.02749,62920449.45,1679
124,17,75185,2399975,1775185,Thornton,Thornton village,47,C1,N,N,G4110,A,6150155,67750,41.5741485,-87.6193001,1775185,1775185,"Thornton village, Illinois",1061,2.4008262,46941.34478,66931194.82,442
125,17,80047,2400148,1780047,Westchester,Westchester village,47,C1,N,N,G4110,A,9546167,0,41.849196,-87.8906194,1780047,1780047,"Westchester village, Illinois",7230,3.6857233,74459.69344,102752068.7,1962
126,17,65806,2399122,1765806,Roselle,Roselle village,47,C1,N,N,G4110,A,14341765,199846,41.9802491,-88.0859098,1765806,1765806,"Roselle village, Illinois",9102,5.6143041,179734.4537,156517812,1621
127,17,9980,2397506,1709980,Burr Ridge,Burr Ridge village,47,C1,N,N,G4110,A,18500900,348868,41.7478977,-87.920105,1709980,1709980,"Burr Ridge village, Illinois",4562,7.2777572,136614.6959,202892224.7,627
128,17,53871,2395266,1753871,Northlake,Northlake city,25,C1,N,N,G4110,A,8225523,0,41.9143158,-87.9054863,1753871,1753871,"Northlake city, Illinois",4356,3.1758151,58189.02212,88536644.89,1372
129,17,54885,2399539,1754885,Oak Park,Oak Park village,47,C1,N,N,G4110,A,12172451,0,41.8871644,-87.7899404,1754885,1754885,"Oak Park village, Illinois",25953,4.6997867,48376.4027,131022533,5522
130,17,55938,2399572,1755938,Olympia Fields,Olympia Fields village,47,C1,N,N,G4110,A,7610914,9275,41.5219964,-87.6916481,1755938,1755938,"Olympia Fields village, Illinois",1929,2.9422193,62221.48031,82024366.5,656
131,17,57381,2396133,1757381,Palos Heights,Palos Heights city,25,C1,N,N,G4110,A,9773467,252938,41.6634391,-87.7960438,1757381,1757381,"Palos Heights city, Illinois",5114,3.8711977,78237.60658,107922798.9,1321
132,17,57394,2396134,1757394,Palos Hills,Palos Hills city,25,C1,N,N,G4110,A,10997852,113870,41.7006815,-87.8252968,1757394,1757394,"Palos Hills city, Illinois",7697,4.2902126,67032.51186,119604260,1794
133,17,16691,2393651,1716691,Country Club Hills,Country Club Hills city,25,C1,N,N,G4110,A,12872726,43099,41.5634529,-87.7254094,1716691,1716691,"Country Club Hills city, Illinois",6164,4.986876,81792.33431,139026124.5,1236
134,17,16873,2393653,1716873,Countryside,Countryside city,25,C1,N,N,G4110,A,7453674,0,41.7742038,-87.875224,1716873,1716873,"Countryside city, Illinois",2812,2.8778262,64680.03705,80229191.28,977
135,17,17497,2398649,1717497,Crestwood,Crestwood village,47,C1,N,N,G4110,A,7897325,72892,41.6455985,-87.7400776,1717497,1717497,"Crestwood village, Illinois",5202,3.0773389,84679.18625,85791286.59,1690
136,17,20149,2398731,1720149,Dixmoor,Dixmoor village,47,C1,N,N,G4110,A,3233699,0,41.6329505,-87.6672326,1720149,1720149,"Dixmoor village, Illinois",1321,1.248567,26243.68932,34808049.4,1058
137,17,20292,2398734,1720292,Dolton,Dolton village,47,C1,N,N,G4110,A,11837952,304312,41.6302755,-87.596834,1720292,1720292,"Dolton village, Illinois",8768,4.688333,74580.02054,130703224.5,1870
